[
  {
    "source": "Online",
    "title1": [
      {
        "type": "heading3",
        "text": "10 High-Fiber Foods You Should Eat for Better Digestive Health, According to RDs"
      }
    ],
    "name": [
      {
        "type": "paragraph",
        "text": "Real Simple"
      }
    ],
    "link": {
      "link_type": "Web",
      "url": "https://www.realsimple.com/high-fiber-foods-11690551"
    }
  },
  {
    "source": "Online",
    "title1": [
      {
        "type": "heading3",
        "text": "The #1 Nutrient to Improve Insulin Resistance, According to Dietitians"
      }
    ],
    "name": [
      {
        "type": "paragraph",
        "text": "EatingWell"
      }
    ],
    "link": {
      "link_type": "Web",
      "url": "https://www.eatingwell.com/best-nutrient-for-insulin-resistance-8741761"
    }
  },
  {
    "source": "Online",
    "title1": [
      {
        "type": "heading3",
        "text": "Why we should all be eating more fibre (that includes popcorn)"
      }
    ],
    "name": [
      {
        "type": "paragraph",
        "text": "The Times"
      }
    ],
    "link": {
      "link_type": "Web",
      "url": "https://www.thetimes.co.uk/article/fiber-high-food-weight-loss-how-to-increase-0dxj787vd"
    }
  },
  {
    "source": "Online",
    "title1": [
      {
        "type": "heading3",
        "text": "Does a Fiber Supplement Work as Well as the Real Deal?"
      }
    ],
    "name": [
      {
        "type": "paragraph",
        "text": "SELF"
      }
    ],
    "link": {
      "link_type": "Web",
      "url": "https://www.self.com/story/should-i-take-fiber-supplement"
    }
  },
  {
    "source": "Online",
    "title1": [
      {
        "type": "heading3",
        "text": "What Happens to Your Body When You Eat Chia Seeds Regularly"
      }
    ],
    "name": [
      {
        "type": "paragraph",
        "text": "Verywell Health"
      }
    ],
    "link": {
      "link_type": "Web",
      "url": "https://www.verywellhealth.com/chia-seeds-11681901"
    }
  }
]