[
  {
    "source": "Online",
    "title1": [
      {
        "type": "heading3",
        "text": "Médicos desvelan las 7 verduras que devoran el azúcar en sangre: todas ellas están disponibles en España"
      }
    ],
    "name": [
      {
        "type": "paragraph",
        "text": "HuffPost España"
      }
    ],
    "link": {
      "link_type": "Web",
      "url": "https://www.huffingtonpost.es/life/salud/medicos-desvelan-7-verduras-devoran-azucar-sangre-todas-disponibles-espana.html"
    }
  },
  {
    "source": "Online",
    "title1": [
      {
        "type": "heading3",
        "text": "La verdura despreciada en España es la mejor para bajar de peso y un blindaje al cáncer de colon"
      }
    ],
    "name": [
      {
        "type": "paragraph",
        "text": "AS.com"
      }
    ],
    "link": {
      "link_type": "Web",
      "url": "https://as.com/actualidad/sociedad/la-verdura-despreciada-en-espana-es-la-mejor-para-bajar-de-peso-y-un-blindaje-al-cancer-de-colon-n/"
    }
  },
  {
    "source": "Online",
    "title1": [
      {
        "type": "heading3",
        "text": "Guiso de lentejas rojas y mijo. Reinventando los guisos tradicionales"
      }
    ],
    "name": [
      {
        "type": "paragraph",
        "text": "Cadena SER"
      }
    ],
    "link": {
      "link_type": "Web",
      "url": "https://cadenaser.com/comunitat-valenciana/2025/01/31/guiso-de-lentejas-rojas-y-mijo-reinventando-los-guisos-tradicionales-radio-villena/"
    }
  },
  {
    "source": "Online",
    "title1": [
      {
        "type": "heading3",
        "text": "Beneficios de las semillas de chía: ¿por qué deberías incorporarlas en tu dieta?"
      }
    ],
    "name": [
      {
        "type": "paragraph",
        "text": "El País"
      }
    ],
    "link": {
      "link_type": "Web",
      "url": "https://elpais.com/elpais/2025/01/30/buenavida/1675084800_167508.html"
    }
  },
  {
    "source": "Online",
    "title1": [
      {
        "type": "heading3",
        "text": "La importancia de la fibra en la dieta: cómo influye en nuestra salud"
      }
    ],
    "name": [
      {
        "type": "paragraph",
        "text": "La Vanguardia"
      }
    ],
    "link": {
      "link_type": "Web",
      "url": "https://www.lavanguardia.com/vivo/nutricion/2025/02/15/importance-fiber-diet-health-benefits.html"
    }
  }
]