[
  {
    "source": "Reddit",
    "title1": [
      {
        "type": "heading3",
        "text": "How does non viscous soluble dietary fibre decrease blood glucose?"
      }
    ],
    "name": [
      {
        "type": "paragraph",
        "text": "larsonsam2"
      }
    ],
    "link": {
      "link_type": "Web",
      "url": "https://www.reddit.com/r/ScientificNutrition/comments/xvja01/how_does_non_viscous_soluble_dietary_fibre/"
    }
  },
  {
    "source": "Reddit",
    "title1": [
      {
        "type": "heading3",
        "text": "Why healthy carbs need to still be taken in moderation?"
      }
    ],
    "name": [
      {
        "type": "paragraph",
        "text": "Quennie_CalGal"
      }
    ],
    "link": {
      "link_type": "Web",
      "url": "https://www.reddit.com/r/diabetes_t2/comments/1gv36xc/why_healthy_carbs_need_to_still_be_taken_in/"
    }
  },
  {
    "source": "Reddit",
    "title1": [
      {
        "type": "heading3",
        "text": "Best Foods to Control Blood Sugar Level and For Diabetics"
      }
    ],
    "name": [
      {
        "type": "paragraph",
        "text": "Reddit User"
      }
    ],
    "link": {
      "link_type": "Web",
      "url": "https://www.reddit.com/r/herbalism/comments/kelhg3/best_foods_to_control_blood_sugar_level_and_for/"
    }
  },
  {
    "source": "Reddit",
    "title1": [
      {
        "type": "heading3",
        "text": "Stopping or reducing dietary fiber intake reduces constipation and its associated symptoms"
      }
    ],
    "name": [
      {
        "type": "paragraph",
        "text": "Reddit User"
      }
    ],
    "link": {
      "link_type": "Web",
      "url": "https://www.reddit.com/r/ScientificNutrition/comments/ehuz3n/stopping_or_reducing_dietary_fiber_intake_reduces/"
    }
  },
  {
    "source": "Reddit",
    "title1": [
      {
        "type": "heading3",
        "text": "Interesting considerations about Fiber being healthy or not"
      }
    ],
    "name": [
      {
        "type": "paragraph",
        "text": "Reddit User"
      }
    ],
    "link": {
      "link_type": "Web",
      "url": "https://www.reddit.com/r/nutrition/comments/12aqrx3/interesting_considerations_about_fiber_being/"
    }
  }
]