[
  {
    "source": "Reddit",
    "title1": [
      {
        "type": "heading3",
        "text": "Caiu de 6.3 para 5.7, mas ainda na zona pré-diabética."
      }
    ],
    "name": [
      {
        "type": "paragraph",
        "text": "Reddit User"
      }
    ],
    "link": {
      "link_type": "Web",
      "url": "https://www.reddit.com/r/prediabetes/comments/1ifzchu/went_down_from_63_to_57_but_still_in_the/?tl=pt-br"
    }
  },
  {
    "source": "Reddit",
    "title1": [
      {
        "type": "heading3",
        "text": "Como eu devo conseguir mais fibra na minha dieta?"
      }
    ],
    "name": [
      {
        "type": "paragraph",
        "text": "Jennyelf"
      }
    ],
    "link": {
      "link_type": "Web",
      "url": "https://www.reddit.com/r/diabetes_t2/comments/1i3kgyj/how_am_i_supposed_to_get_more_fiber_in_my_diet/?tl=pt-br"
    }
  },
  {
    "source": "Reddit",
    "title1": [
      {
        "type": "heading3",
        "text": "Pratos que te fazem cagar melhor?"
      }
    ],
    "name": [
      {
        "type": "paragraph",
        "text": "Reddit User"
      }
    ],
    "link": {
      "link_type": "Web",
      "url": "https://www.reddit.com/r/Cooking/comments/75o4ve/dishes_that_make_you_poop_better/?tl=pt-br"
    }
  },
  {
    "source": "Reddit",
    "title1": [
      {
        "type": "heading3",
        "text": "As sardinhas diminuem o colesterol?"
      }
    ],
    "name": [
      {
        "type": "paragraph",
        "text": "Reddit User"
      }
    ],
    "link": {
      "link_type": "Web",
      "url": "https://www.reddit.com/r/nutrition/comments/x14awl/do_sardines_lower_cholesterol/?tl=pt-br"
    }
  },
  {
    "source": "Reddit",
    "title1": [
      {
        "type": "heading3",
        "text": "Meus cuidadores estão saindo por um mês."
      }
    ],
    "name": [
      {
        "type": "paragraph",
        "text": "Reddit User"
      }
    ],
    "link": {
      "link_type": "Web",
      "url": "https://www.reddit.com/r/AutisticAdults/comments/1is063n/my_caretakers_are_leaving_for_a_month/?tl=pt-br"
    }
  }
]