[
  {
    "source": "Studies",
    "title1": [
      {
        "type": "heading3",
        "text": "Effect of viscous fiber supplementation on obesity indicators in individuals consuming calorie-restricted diets: a systematic review and meta-analysis of randomized controlled trials"
      }
    ],
    "name": [
      {
        "type": "paragraph",
        "text": "European Journal of Nutrition"
      }
    ],
    "link": {
      "link_type": "Web",
      "url": "https://pubmed.ncbi.nlm.nih.gov/32198674/"
    }
  },
  {
    "source": "Studies",
    "title1": [
      {
        "type": "heading3",
        "text": "Should Viscous Fiber Supplements Be Considered in Diabetes Control? Results From a Systematic Review and Meta-analysis of Randomized Controlled Trials"
      }
    ],
    "name": [
      {
        "type": "paragraph",
        "text": "Diabetes Care"
      }
    ],
    "link": {
      "link_type": "Web",
      "url": "https://pubmed.ncbi.nlm.nih.gov/30617143/"
    }
  },
  {
    "source": "Studies",
    "title1": [
      {
        "type": "heading3",
        "text": "Understanding the Physics of Functional Fibers in the Gastrointestinal Tract: An Evidence-Based Approach to Resolving Enduring Misconceptions about Insoluble and Soluble Fiber"
      }
    ],
    "name": [
      {
        "type": "paragraph",
        "text": "Journal of the Academy of Nutrition and Dietetics"
      }
    ],
    "link": {
      "link_type": "Web",
      "url": "https://www.sciencedirect.com/science/article/pii/S2212267218309577"
    }
  },
  {
    "source": "Studies",
    "title1": [
      {
        "type": "heading3",
        "text": "Systematic review with meta-analysis: effect of fibre supplementation on chronic idiopathic constipation in adults"
      }
    ],
    "name": [
      {
        "type": "paragraph",
        "text": "Alimentary Pharmacology & Therapeutics"
      }
    ],
    "link": {
      "link_type": "Web",
      "url": "https://pubmed.ncbi.nlm.nih.gov/27273416/"
    }
  },
  {
    "source": "Studies",
    "title1": [
      {
        "type": "heading3",
        "text": "Efficacy and Safety of Over-the-Counter Therapies for Chronic Constipation: An Updated Systematic Review"
      }
    ],
    "name": [
      {
        "type": "paragraph",
        "text": "The American Journal of Gastroenterology"
      }
    ],
    "link": {
      "link_type": "Web",
      "url": "https://pubmed.ncbi.nlm.nih.gov/31116187/"
    }
  }
]