[
  {
    "source": "Reddit",
    "title1": [
      {
        "type": "heading3",
        "text": "¿Cómo obtienes suficiente fibra? 30 g parecen inalcanzables."
      }
    ],
    "name": [
      {
        "type": "paragraph",
        "text": "u/Blueporch"
      }
    ],
    "link": {
      "link_type": "Web",
      "url": "https://www.reddit.com/r/nutrition/comments/14h81n9/how_are_you_getting_enough_fiber_30g_just_feels/"
    }
  },
  {
    "source": "Reddit",
    "title1": [
      {
        "type": "heading3",
        "text": "La avena no es el súper alimento para la diabetes que me dijeron que era."
      }
    ],
    "name": [
      {
        "type": "paragraph",
        "text": "u/OriginalBaxio"
      }
    ],
    "link": {
      "link_type": "Web",
      "url": "https://www.reddit.com/r/diabetes/comments/1haovol/oatmeal_is_not_the_diabetes_super_food_i_was_told/"
    }
  },
  {
    "source": "Reddit",
    "title1": [
      {
        "type": "heading3",
        "text": "Por favor, explica por qué el azúcar en la fruta no es malo para ti."
      }
    ],
    "name": [
      {
        "type": "paragraph",
        "text": "u/AutoModerator"
      }
    ],
    "link": {
      "link_type": "Web",
      "url": "https://www.reddit.com/r/nutrition/comments/16ouekr/please_explain_why_sugar_in_fruit_is_not_bad_for/"
    }
  },
  {
    "source": "Reddit",
    "title1": [
      {
        "type": "heading3",
        "text": "El deterioro de la salud de la población general es una emergencia."
      }
    ],
    "name": [
      {
        "type": "paragraph",
        "text": "u/throwaway123"
      }
    ],
    "link": {
      "link_type": "Web",
      "url": "https://www.reddit.com/r/nursing/comments/16ke84s/the_declining_health_of_the_general_population_is/"
    }
  },
  {
    "source": "Reddit",
    "title1": [
      {
        "type": "heading3",
        "text": "Pérdida de peso en la menopausia: ¡contadme vuestros consejos!"
      }
    ],
    "name": [
      {
        "type": "paragraph",
        "text": "u/menopausewarrior"
      }
    ],
    "link": {
      "link_type": "Web",
      "url": "https://www.reddit.com/r/Menopause/comments/14js83a/weight_loss_in_menopause_lets_hear_your_tips/"
    }
  }
]