[
  {
    "source": "YouTube",
    "title1": [
      {
        "type": "heading3",
        "text": "Effects of Fibers on Blood Sugar & Glycemic Index – Dr. Berg"
      }
    ],
    "name": [
      {
        "type": "paragraph",
        "text": "Dr. Eric Berg DC"
      }
    ],
    "link": {
      "link_type": "Web",
      "url": "https://www.youtube.com/watch?v=JbfUuvjcOtQ"
    }
  },
  {
    "source": "YouTube",
    "title1": [
      {
        "type": "heading3",
        "text": "How to Maintain Blood Sugar Levels with Metamucil"
      }
    ],
    "name": [
      {
        "type": "paragraph",
        "text": "Metamucil"
      }
    ],
    "link": {
      "link_type": "Web",
      "url": "https://www.youtube.com/watch?v=Iezdivz_xR0"
    }
  },
  {
    "source": "YouTube",
    "title1": [
      {
        "type": "heading3",
        "text": "The Best Fiber Supplements To Take...And What To Avoid!"
      }
    ],
    "name": [
      {
        "type": "paragraph",
        "text": "FlavCity with Bobby Parrish"
      }
    ],
    "link": {
      "link_type": "Web",
      "url": "https://www.youtube.com/watch?v=USJSXVnG8-I"
    }
  },
  {
    "source": "YouTube",
    "title1": [
      {
        "type": "heading3",
        "text": "Horlicks Diabetes Plus | Nutritionist Talk"
      }
    ],
    "name": [
      {
        "type": "paragraph",
        "text": "Horlicks India"
      }
    ],
    "link": {
      "link_type": "Web",
      "url": "https://www.youtube.com/watch?v=06N5Ug1VEfs"
    }
  },
  {
    "source": "YouTube",
    "title1": [
      {
        "type": "heading3",
        "text": "Healthy Habits for Maintaining Blood Sugar with Metamucil"
      }
    ],
    "name": [
      {
        "type": "paragraph",
        "text": "Metamucil"
      }
    ],
    "link": {
      "link_type": "Web",
      "url": "https://www.youtube.com/watch?v=RwB62FZrKU4"
    }
  }
]