[
  {
    "source": "YouTube",
    "title1": [
      {
        "type": "heading3",
        "text": "AHORRA DINERO haciendo LECHE DE AVENA. Fácil, Nutritiva y apta para Diabetes y Niños | Cocina de Addy"
      }
    ],
    "name": [
      {
        "type": "paragraph",
        "text": "Cocina de Addy"
      }
    ],
    "link": {
      "link_type": "Web",
      "url": "https://www.youtube.com/watch?v=PO8vkrG3M-k"
    }
  },
  {
    "source": "YouTube",
    "title1": [
      {
        "type": "heading3",
        "text": "Beneficios del mucílago para la salud | Alimentación Sana"
      }
    ],
    "name": [
      {
        "type": "paragraph",
        "text": "Alimentación Sana"
      }
    ],
    "link": {
      "link_type": "Web",
      "url": "https://www.youtube.com/watch?v=AriwpxA0Y98"
    }
  },
  {
    "source": "YouTube",
    "title1": [
      {
        "type": "heading3",
        "text": "Las 5 SEMILLAS que deberías INCLUIR en tus Comidas para una Alimentación Saludable"
      }
    ],
    "name": [
      {
        "type": "paragraph",
        "text": "Vida Saludable"
      }
    ],
    "link": {
      "link_type": "Web",
      "url": "https://www.youtube.com/watch?v=6y27mBuqNxE"
    }
  },
  {
    "source": "YouTube",
    "title1": [
      {
        "type": "heading3",
        "text": "¿Jugo o licuado? diferencias y cuál es más recomendable"
      }
    ],
    "name": [
      {
        "type": "paragraph",
        "text": "Nutrición y Salud"
      }
    ],
    "link": {
      "link_type": "Web",
      "url": "https://www.youtube.com/watch?v=N4S9B1VDkXo"
    }
  },
  {
    "source": "YouTube",
    "title1": [
      {
        "type": "heading3",
        "text": "Cómo PERDER GRASA ABDOMINAL: 6 formas SIMPLES respaldadas por la ciencia"
      }
    ],
    "name": [
      {
        "type": "paragraph",
        "text": "Salud y Bienestar"
      }
    ],
    "link": {
      "link_type": "Web",
      "url": "https://www.youtube.com/watch?v=hM8xQ9Xo4LM"
    }
  }
]