{
  "id": "page",
  "json": {
    "Main": {
      "pagename": {
        "type": "StructuredText",
        "config": {
          "single": "heading1",
          "label": "Page Name"
        }
      },
      "uid": {
        "type": "UID",
        "config": {
          "label": "uid"
        }
      },
      "content": {
        "type": "StructuredText",
        "config": {
          "multi": "paragraph,preformatted,heading1,heading2,heading3,heading4,heading5,heading6,strong,em,hyperlink,image,embed,list-item,o-list-item,rtl",
          "label": "Page Content"
        }
      },
      "body": {
        "type": "Slices",
        "fieldset": "Slice zone",
        "config": {
          "labels": {},
          "choices": {
            "paperform": {
              "type": "Slice",
              "fieldset": "Paperform",
              "description": "Paperform",
              "icon": "casino",
              "display": "list",
              "non-repeat": {
                "formslug": {
                  "type": "StructuredText",
                  "config": {
                    "single": "paragraph",
                    "label": "formslug",
                    "placeholder": "input formslug"
                  }
                }
              },
              "repeat": {}
            },
            "insert_form": {
              "type": "Slice",
              "fieldset": "Insert Form",
              "description": "Insert form",
              "icon": "add_box",
              "display": "list",
              "non-repeat": {
                "form_type": {
                  "type": "Select",
                  "config": {
                    "options": ["contactus"],
                    "label": "Form Type"
                  }
                }
              },
              "repeat": {}
            },
            "text__rich_": {
              "type": "Slice",
              "fieldset": "Text (Rich)",
              "description": "Rich Text without html tags",
              "icon": "chat_bubble_outline",
              "display": "list",
              "non-repeat": {
                "rich_text": {
                  "type": "StructuredText",
                  "config": {
                    "multi": "paragraph,preformatted,heading2,heading3,heading4,heading5,heading6,strong,em,hyperlink,image,embed,list-item,o-list-item,rtl",
                    "allowTargetBlank": true,
                    "label": "Rich Text",
                    "placeholder": "rich text (no html tags)"
                  }
                }
              },
              "repeat": {}
            },
            "text": {
              "type": "Slice",
              "fieldset": "Text (Html)",
              "description": "A rich text section",
              "icon": "text_fields",
              "display": "list",
              "non-repeat": {
                "text": {
                  "type": "StructuredText",
                  "config": {
                    "multi": "paragraph,heading2,heading3,heading4,heading5,heading6,strong,em,hyperlink,list-item,o-list-item",
                    "allowTargetBlank": true,
                    "label": "Text",
                    "placeholder": "Enter your text..."
                  }
                }
              },
              "repeat": {}
            },
            "image": {
              "type": "Slice",
              "fieldset": "Image",
              "description": "An image with optional caption",
              "icon": "image",
              "non-repeat": {
                "image": {
                  "type": "Image",
                  "config": {
                    "constraint": {},
                    "thumbnails": [],
                    "label": "Image"
                  }
                },
                "image_alt_text": {
                  "type": "Text",
                  "config": {
                    "label": "Image Alt Text",
                    "placeholder": "Image Alt Text"
                  }
                },
                "caption": {
                  "type": "StructuredText",
                  "config": {
                    "single": "paragraph,strong,em,hyperlink",
                    "allowTargetBlank": true,
                    "label": "Caption",
                    "placeholder": "Optional image caption..."
                  }
                }
              },
              "repeat": {}
            }
          }
        }
      }
    }
  },
  "label": "Page",
  "repeatable": true,
  "status": true,
  "format": "custom"
}
