{
  "id": "study_desig",
  "json": {
    "Main": {
      "name": {
        "type": "StructuredText",
        "config": {
          "single": "heading1,heading2,heading3,heading4,heading5,heading6",
          "label": "name"
        }
      },
      "uid": {
        "type": "UID",
        "config": {
          "label": "uid"
        }
      },
      "json_source": {
        "type": "StructuredText",
        "config": {
          "multi": "paragraph,preformatted,heading1,heading2,heading3,heading4,heading5,heading6,strong,em,hyperlink,image,embed,list-item,o-list-item,rtl",
          "label": "JSON source"
        }
      }
    }
  },
  "label": "study design",
  "repeatable": true,
  "status": true,
  "format": "custom"
}
