{
  "id": "source",
  "json": {
    "Main": {
      "uid": {
        "type": "UID",
        "config": {
          "label": "ID"
        }
      },
      "source_name": {
        "type": "StructuredText",
        "config": {
          "single": "heading1,heading2,heading3,heading4,heading5,heading6",
          "label": "Source name"
        }
      },
      "description": {
        "type": "StructuredText",
        "config": {
          "multi": "paragraph,preformatted,heading1,heading2,heading3,heading4,heading5,heading6,strong,em,hyperlink,image,embed,list-item,o-list-item,rtl",
          "label": "Description"
        }
      }
    }
  },
  "label": "Source",
  "repeatable": true,
  "status": true,
  "format": "custom"
}
