{
  "id": "catego",
  "json": {
    "Main": {
      "uid": {
        "type": "UID",
        "config": {
          "label": "Slug"
        }
      },
      "label": {
        "type": "StructuredText",
        "config": {
          "single": "heading1,heading2,heading3,heading4,heading5,heading6",
          "label": "Label"
        }
      },
      "name": {
        "type": "StructuredText",
        "config": {
          "single": "heading1,heading2,heading3,heading4,heading5,heading6",
          "label": "Name"
        }
      },
      "description": {
        "type": "StructuredText",
        "config": {
          "multi": "paragraph,preformatted,heading1,heading2,heading3,heading4,heading5,heading6,strong,em,hyperlink,image,embed,list-item,o-list-item,rtl",
          "label": "Description"
        }
      }
    }
  },
  "label": "Category",
  "repeatable": true,
  "status": true,
  "format": "custom"
}
