{
  "id": "advice",
  "json": {
    "Main": {
      "uid": {
        "type": "UID",
        "config": {
          "label": "ID"
        }
      },
      "title_advice": {
        "type": "StructuredText",
        "config": {
          "single": "heading1,heading2,heading3,heading4,heading5,heading6",
          "label": "Title Advice"
        }
      },
      "reference": {
        "type": "Link",
        "config": {
          "label": "Reference",
          "select": null
        }
      },
      "source": {
        "type": "Link",
        "config": {
          "select": "document",
          "customtypes": ["source"],
          "label": "Source"
        }
      },
      "description_advice": {
        "type": "StructuredText",
        "config": {
          "multi": "paragraph,preformatted,heading1,heading2,heading3,heading4,heading5,heading6,strong,em,hyperlink,image,embed,list-item,o-list-item,rtl",
          "label": "Description Advice"
        }
      },
      "cat_group": {
        "type": "Group",
        "config": {
          "fields": {
            "category": {
              "type": "Link",
              "config": {
                "select": "document",
                "customtypes": ["catego"],
                "label": "Category"
              }
            }
          },
          "label": "Cat group"
        }
      },
      "curator": {
        "type": "Link",
        "config": {
          "select": "document",
          "customtypes": ["curator"],
          "label": "Curator"
        }
      },
      "image_advice": {
        "type": "Image",
        "config": {
          "constraint": {},
          "thumbnails": [],
          "label": "Image Advice"
        }
      }
    }
  },
  "label": "Advice",
  "repeatable": true,
  "status": true,
  "format": "custom"
}
